chr-id	chrs length (bp)	number HetSNPs	HetSNPs rates
NC_054682.1	266431	2092	0.007851939151224894
NC_054683.1	466659	5014	0.010744462230450929
NC_054684.1	593140	4374	0.007374312978386216
NC_054685.1	834315	13821	0.016565685622336887
NC_054686.1	1192331	9621	0.008069068069185486
NC_054687.1	1390784	15853	0.011398606828954029
NC_054688.1	1625135	21654	0.013324431508766964
NC_054689.1	2936442	40232	0.013700934668554666
NC_054690.1	3845411	49712	0.012927616839916462
